Time;appname;urlmethod;
1472563783000;insightscentraldemo2.mybluemix.net:86acc12a-181c-4b97-a24e-d9a17fbc5bd5;GET /socket.io/;
1472563782000;ace-events-test-20160819-141650.ng.bluemix.net:37d82712-48e9-4537-883e-a597cbff2ff5;GET /events/cfApps;
1472563782000;fundox.mybluemix.net:94338ee4-a69b-46c5-972f-3683db725531;GET /socket.io/;
1472563778000;ace-events-test-20160819-141650.ng.bluemix.net:37d82712-48e9-4537-883e-a597cbff2ff5;GET /events/cfServices/tags;
1472563750000;ace-dashboard-production-20160819-142035.ng.bluemix.net:a548feb5-e0fa-4842-8a2d-ea96f4a0a11c;GET /socket.io/;
1472563746000;ace-abstraction-test-20160819-141650.ng.bluemix.net:abfe8deb-1d26-46fd-bbd9-ead49070285b;GET /model/v1/dashboard;
1472563745000;ace-events-production-20160816-120854.ng.bluemix.net:093f11c8-939e-4de8-92c9-6c2bc30d7384;GET /socket.io/;
1472563738000;ace-dashboard-test-20160819-141650.ng.bluemix.net:aad37ac1-8c05-44cc-8282-385aa73541d5;GET /dashboard/api/model;
1472563738000;new-console.ng.bluemix.net:ecc7071e-1a77-4719-9290-fc327d7f2960;GET /dashboard/api/model;
1472563733000;fundox.mybluemix.net:94338ee4-a69b-46c5-972f-3683db725531;GET /socket.io/;
1472563709000;ace-events-production-20160816-120854.ng.bluemix.net:093f11c8-939e-4de8-92c9-6c2bc30d7384;GET /socket.io/;
1472563683000;new-console.ng.bluemix.net:ecc7071e-1a77-4719-9290-fc327d7f2960;GET /dashboard/api/model;
1472563673000;fundox.mybluemix.net:94338ee4-a69b-46c5-972f-3683db725531;GET /socket.io/;
1472563617000;ace-events-test-20160819-141650.ng.bluemix.net:37d82712-48e9-4537-883e-a597cbff2ff5;GET /events/cfApps;
1472563611000;new-console.ng.bluemix.net:ecc7071e-1a77-4719-9290-fc327d7f2960;GET /dashboard/api/model;
1472563611000;ace-dashboard-test-20160819-141650.ng.bluemix.net:aad37ac1-8c05-44cc-8282-385aa73541d5;GET /dashboard/api/model;
1472563611000;ace-abstraction-test-20160819-141650.ng.bluemix.net:abfe8deb-1d26-46fd-bbd9-ead49070285b;GET /model/v1/dashboard;
1472563577000;ace-events-test-20160819-141650.ng.bluemix.net:37d82712-48e9-4537-883e-a597cbff2ff5;GET /events/cfApps;
1472563573000;fundox.mybluemix.net:94338ee4-a69b-46c5-972f-3683db725531;GET /socket.io/;
1472563525000;ace-events-production-20160816-120854.ng.bluemix.net:093f11c8-939e-4de8-92c9-6c2bc30d7384;GET /socket.io/;
1472563525000;ace-events-test-20160819-141650.ng.bluemix.net:37d82712-48e9-4537-883e-a597cbff2ff5;GET /events/cfApps;
1472563510000;ace-abstraction-test-20160819-141650.ng.bluemix.net:abfe8deb-1d26-46fd-bbd9-ead49070285b;GET /model/v1/dashboard;
1472563503000;ace-dashboard-test-20160819-141650.ng.bluemix.net:aad37ac1-8c05-44cc-8282-385aa73541d5;GET /dashboard/api/model;
1472563498000;new-console.ng.bluemix.net:ecc7071e-1a77-4719-9290-fc327d7f2960;GET /dashboard/api/model;
1472563473000;insightscentraldemo2.mybluemix.net:86acc12a-181c-4b97-a24e-d9a17fbc5bd5;GET /socket.io/;
1472563462000;ace-events-test-20160819-141650.ng.bluemix.net:37d82712-48e9-4537-883e-a597cbff2ff5;GET /events/cfApps;
1472563458000;ace-events-test-20160819-141650.ng.bluemix.net:37d82712-48e9-4537-883e-a597cbff2ff5;GET /events/cfServices/tags;
1472563445000;ace-events-test-20160819-141650.ng.bluemix.net:37d82712-48e9-4537-883e-a597cbff2ff5;GET /events/cfServices/tags;
1472563428000;fundox.mybluemix.net:94338ee4-a69b-46c5-972f-3683db725531;GET /socket.io/;
1472563405000;ace-abstraction-test-20160819-141650.ng.bluemix.net:abfe8deb-1d26-46fd-bbd9-ead49070285b;GET /model/v1/dashboard;
1472563398000;ace-events-test-20160819-141650.ng.bluemix.net:37d82712-48e9-4537-883e-a597cbff2ff5;GET /events/cfServices/tags;
1472563393000;ace-events-production-20160816-120854.ng.bluemix.net:093f11c8-939e-4de8-92c9-6c2bc30d7384;GET /socket.io/;
1472563360000;ace-events-test-20160819-141650.ng.bluemix.net:37d82712-48e9-4537-883e-a597cbff2ff5;GET /events/cfApps;
1472563360000;new-console.ng.bluemix.net:ecc7071e-1a77-4719-9290-fc327d7f2960;GET /dashboard/api/model;
1472563307000;ace-events-production-20160816-120854.ng.bluemix.net:093f11c8-939e-4de8-92c9-6c2bc30d7384;GET /socket.io/;
1472563294000;ace-events-test-20160819-141650.ng.bluemix.net:37d82712-48e9-4537-883e-a597cbff2ff5;GET /events/cfApps;
1472563266000;ace-events-test-20160819-141650.ng.bluemix.net:37d82712-48e9-4537-883e-a597cbff2ff5;GET /events/;
1472563266000;new-console.ng.bluemix.net:ecc7071e-1a77-4719-9290-fc327d7f2960;GET /events/;
1472563262000;ace-events-test-20160819-141650.ng.bluemix.net:37d82712-48e9-4537-883e-a597cbff2ff5;GET /events/cfApps;
1472563254000;ace-events-production-20160819-142035.ng.bluemix.net:32f10e38-b324-4888-83b3-3e82beeea229;GET /socket.io/;
1472563240000;ace-dashboard-test-20160819-141650.ng.bluemix.net:aad37ac1-8c05-44cc-8282-385aa73541d5;GET /dashboard/api/model;
1472563240000;ace-abstraction-test-20160819-141650.ng.bluemix.net:abfe8deb-1d26-46fd-bbd9-ead49070285b;GET /model/v1/dashboard;
1472563239000;new-console.ng.bluemix.net:ecc7071e-1a77-4719-9290-fc327d7f2960;GET /dashboard/api/model;
1472563225000;new-console.ng.bluemix.net:ecc7071e-1a77-4719-9290-fc327d7f2960;GET /events/;
1472563225000;ace-events-test-20160819-141650.ng.bluemix.net:37d82712-48e9-4537-883e-a597cbff2ff5;GET /events/;
1472563202000;fundox.mybluemix.net:94338ee4-a69b-46c5-972f-3683db725531;GET /socket.io/;
1472563202000;new-console.ng.bluemix.net:ecc7071e-1a77-4719-9290-fc327d7f2960;GET /dashboard/api/model;
1472563202000;ace-dashboard-test-20160819-141650.ng.bluemix.net:aad37ac1-8c05-44cc-8282-385aa73541d5;GET /dashboard/api/model;
1472563202000;ace-abstraction-test-20160819-141650.ng.bluemix.net:abfe8deb-1d26-46fd-bbd9-ead49070285b;GET /model/v1/dashboard;
1472563133000;ace-events-test-20160819-141650.ng.bluemix.net:37d82712-48e9-4537-883e-a597cbff2ff5;GET /events/cfServices/tags;
1472563109000;ace-abstraction-test-20160819-141650.ng.bluemix.net:abfe8deb-1d26-46fd-bbd9-ead49070285b;GET /model/v1/dashboard;
1472563108000;natural-language-classifier-toolkit.ng.bluemix.net:8fe377e3-9b62-4d22-a171-6596f55be878;GET /socket.io/;
1472563089000;new-console.ng.bluemix.net:ecc7071e-1a77-4719-9290-fc327d7f2960;GET /dashboard/api/model;
1472563089000;ace-dashboard-test-20160819-141650.ng.bluemix.net:aad37ac1-8c05-44cc-8282-385aa73541d5;GET /dashboard/api/model;
1472563080000;ace-events-test-20160819-141650.ng.bluemix.net:37d82712-48e9-4537-883e-a597cbff2ff5;GET /socket.io/;
1472563045000;ace-events-test-20160819-141650.ng.bluemix.net:37d82712-48e9-4537-883e-a597cbff2ff5;GET /events/cfServices;
1472563037000;ace-dashboard-test-20160819-141650.ng.bluemix.net:aad37ac1-8c05-44cc-8282-385aa73541d5;GET /dashboard/api/action;
1472563037000;new-console.ng.bluemix.net:ecc7071e-1a77-4719-9290-fc327d7f2960;GET /dashboard/api/action;
1472563025000;new-console.ng.bluemix.net:ecc7071e-1a77-4719-9290-fc327d7f2960;GET /dashboard/api/model;
1472563025000;ace-dashboard-test-20160819-141650.ng.bluemix.net:aad37ac1-8c05-44cc-8282-385aa73541d5;GET /dashboard/api/model;
1472563021000;ace-abstraction-test-20160819-141650.ng.bluemix.net:abfe8deb-1d26-46fd-bbd9-ead49070285b;GET /model/v1/dashboard;
1472563017000;new-console.ng.bluemix.net:ecc7071e-1a77-4719-9290-fc327d7f2960;GET /events/;
1472563017000;ace-events-test-20160819-141650.ng.bluemix.net:37d82712-48e9-4537-883e-a597cbff2ff5;GET /events/cfServices/tags;
1472563016000;ace-events-test-20160819-141650.ng.bluemix.net:37d82712-48e9-4537-883e-a597cbff2ff5;GET /events/cfApps;
1472563011000;ace-events-test-20160819-141650.ng.bluemix.net:37d82712-48e9-4537-883e-a597cbff2ff5;GET /events/;
1472562989000;api.xforce.ibmcloud.com:b5a69486-2f81-4589-a26d-257218bfec27;GET /socket.io/;
1472562989000;ace-events-test-20160819-141650.ng.bluemix.net:37d82712-48e9-4537-883e-a597cbff2ff5;GET /sessionp;
1472562920000;api.xforce.ibmcloud.com:b5a69486-2f81-4589-a26d-257218bfec27;GET /socket.io/;
1472562904000;new-console.ng.bluemix.net:ecc7071e-1a77-4719-9290-fc327d7f2960;GET /events/;
1472562904000;ace-events-test-20160819-141650.ng.bluemix.net:37d82712-48e9-4537-883e-a597cbff2ff5;GET /events/;
1472562904000;ace-events-test-20160819-141650.ng.bluemix.net:37d82712-48e9-4537-883e-a597cbff2ff5;GET /socket.io/;
1472562900000;ace-events-test-20160819-141650.ng.bluemix.net:37d82712-48e9-4537-883e-a597cbff2ff5;GET /events/cfApps;
1472562888000;ace-appdetails-test-20160819-141650.ng.bluemix.net:11c1fed1-72ec-4aad-8d49-bca5a9997a1a;GET /socket.io/;
1472562887000;ace-events-test-20160819-141650.ng.bluemix.net:37d82712-48e9-4537-883e-a597cbff2ff5;GET /sessionp;
1472562865000;lucy-poc.mybluemix.net:96349fe4-8fb7-4707-9ede-f0ac6b5c8d3f;GET /socket.io/;
1472562860000;ace-appdetails-test-20160819-141650.ng.bluemix.net:11c1fed1-72ec-4aad-8d49-bca5a9997a1a;GET /socket.io/;
1472562852000;ace-events-test-20160819-141650.ng.bluemix.net:37d82712-48e9-4537-883e-a597cbff2ff5;GET /events/cfApps;
1472562844000;ace-appdetails-test-20160819-141650.ng.bluemix.net:11c1fed1-72ec-4aad-8d49-bca5a9997a1a;GET /socket.io/;
1472562840000;ace-events-test-20160819-141650.ng.bluemix.net:37d82712-48e9-4537-883e-a597cbff2ff5;GET /events/cfApps;
1472562836000;ace-events-test-20160819-141650.ng.bluemix.net:37d82712-48e9-4537-883e-a597cbff2ff5;GET /events/;
1472562835000;new-console.ng.bluemix.net:ecc7071e-1a77-4719-9290-fc327d7f2960;GET /events/;
1472562828000;ace-events-test-20160819-141650.ng.bluemix.net:37d82712-48e9-4537-883e-a597cbff2ff5;GET /socket.io/;
1472562812000;viewuge-node-red.mybluemix.net:00b60564-4c44-4d76-8e8c-98ae9577483b;GET /red/comms;
1472562805000;ace-appdetails-test-20160819-141650.ng.bluemix.net:11c1fed1-72ec-4aad-8d49-bca5a9997a1a;GET /socket.io/;
1472562791000;ace-events-test-20160819-141650.ng.bluemix.net:37d82712-48e9-4537-883e-a597cbff2ff5;GET /events/cfApps;
1472562779000;ace-abstraction-test-20160819-141650.ng.bluemix.net:abfe8deb-1d26-46fd-bbd9-ead49070285b;GET /model/v1/dashboard;
1472562779000;new-console.ng.bluemix.net:ecc7071e-1a77-4719-9290-fc327d7f2960;GET /events/;
1472562779000;ace-events-test-20160819-141650.ng.bluemix.net:37d82712-48e9-4537-883e-a597cbff2ff5;GET /events/;
1472562772000;ace-appdetails-test-20160819-141650.ng.bluemix.net:11c1fed1-72ec-4aad-8d49-bca5a9997a1a;GET /socket.io/;
1472562755000;ace-events-test-20160819-141650.ng.bluemix.net:37d82712-48e9-4537-883e-a597cbff2ff5;GET /events/cfServices;
1472562745000;ace-events-test-20160819-141650.ng.bluemix.net:37d82712-48e9-4537-883e-a597cbff2ff5;GET /socket.io/;
1472562738000;ace-events-test-20160819-141650.ng.bluemix.net:37d82712-48e9-4537-883e-a597cbff2ff5;GET /events/;
1472562738000;new-console.ng.bluemix.net:ecc7071e-1a77-4719-9290-fc327d7f2960;GET /events/;
1472562728000;ace-events-test-20160819-141650.ng.bluemix.net:37d82712-48e9-4537-883e-a597cbff2ff5;GET /socket.io/;
1472562724000;ace-events-test-20160819-141650.ng.bluemix.net:37d82712-48e9-4537-883e-a597cbff2ff5;GET /events/cfServices/tags;
1472562723000;ace-events-test-20160819-141650.ng.bluemix.net:37d82712-48e9-4537-883e-a597cbff2ff5;GET /events/cfServices;
1472562720000;ace-events-test-20160819-141650.ng.bluemix.net:37d82712-48e9-4537-883e-a597cbff2ff5;GET /sessionp;
1472562717000;ace-events-test-20160819-141650.ng.bluemix.net:37d82712-48e9-4537-883e-a597cbff2ff5;GET /events/cfApps;
1472562704000;ace-appdetails-test-20160819-141650.ng.bluemix.net:11c1fed1-72ec-4aad-8d49-bca5a9997a1a;GET /socket.io/;
1472562703000;ace-appdetails-test-20160819-141650.ng.bluemix.net:11c1fed1-72ec-4aad-8d49-bca5a9997a1a;GET /apps/api/model;
1472562700000;ace-events-test-20160819-141650.ng.bluemix.net:37d82712-48e9-4537-883e-a597cbff2ff5;GET /events/cfServices;
1472562700000;new-console.ng.bluemix.net:ecc7071e-1a77-4719-9290-fc327d7f2960;GET /apps/api/model;
1472562693000;ace-events-test-20160819-141650.ng.bluemix.net:37d82712-48e9-4537-883e-a597cbff2ff5;GET /events/cfApps;
1472562693000;ace-abstraction-test-20160819-141650.ng.bluemix.net:abfe8deb-1d26-46fd-bbd9-ead49070285b;GET /model/v1/dashboard;
1472562689000;ace-events-test-20160819-141650.ng.bluemix.net:37d82712-48e9-4537-883e-a597cbff2ff5;GET /sessionp;
1472562683000;ace-abstraction-test-20160819-141650.ng.bluemix.net:abfe8deb-1d26-46fd-bbd9-ead49070285b;GET /model/v1/dashboard;
1472562678000;ace-events-test-20160819-141650.ng.bluemix.net:37d82712-48e9-4537-883e-a597cbff2ff5;GET /sessionp;
1472562660000;new-console.ng.bluemix.net:ecc7071e-1a77-4719-9290-fc327d7f2960;GET /dashboard/api/model;
1472562660000;ace-dashboard-test-20160819-141650.ng.bluemix.net:aad37ac1-8c05-44cc-8282-385aa73541d5;GET /dashboard/api/model;
1472562658000;api.xforce.ibmcloud.com:b5a69486-2f81-4589-a26d-257218bfec27;GET /socket.io/;
1472562650000;ace-abstraction-test-20160819-141650.ng.bluemix.net:abfe8deb-1d26-46fd-bbd9-ead49070285b;GET /model/v1/dashboard;
1472562629000;ace-events-test-20160819-141650.ng.bluemix.net:37d82712-48e9-4537-883e-a597cbff2ff5;GET /socket.io/;
1472562620000;ace-events-test-20160819-141650.ng.bluemix.net:37d82712-48e9-4537-883e-a597cbff2ff5;GET /sessionp;
1472562620000;ace-abstraction-test-20160819-141650.ng.bluemix.net:abfe8deb-1d26-46fd-bbd9-ead49070285b;GET /model/v1/dashboard;
1472562613000;ace-events-test-20160819-141650.ng.bluemix.net:37d82712-48e9-4537-883e-a597cbff2ff5;GET /events/;
1472562613000;new-console.ng.bluemix.net:ecc7071e-1a77-4719-9290-fc327d7f2960;GET /events/;
1472562602000;ace-events-test-20160819-141650.ng.bluemix.net:37d82712-48e9-4537-883e-a597cbff2ff5;GET /socket.io/;
1472562579000;ace-abstraction-test-20160819-141650.ng.bluemix.net:abfe8deb-1d26-46fd-bbd9-ead49070285b;GET /model/v1/dashboard;
1472562567000;ace-dashboard-test-20160819-141650.ng.bluemix.net:aad37ac1-8c05-44cc-8282-385aa73541d5;GET /dashboard/api/model;
1472562567000;ace-abstraction-test-20160819-141650.ng.bluemix.net:abfe8deb-1d26-46fd-bbd9-ead49070285b;GET /model/v1/dashboard;
1472562567000;new-console.ng.bluemix.net:ecc7071e-1a77-4719-9290-fc327d7f2960;GET /dashboard/api/model;
1472562563000;new-console.ng.bluemix.net:ecc7071e-1a77-4719-9290-fc327d7f2960;GET /events/;
1472562563000;ace-events-test-20160819-141650.ng.bluemix.net:37d82712-48e9-4537-883e-a597cbff2ff5;GET /events/;
1472562563000;ace-events-test-20160819-141650.ng.bluemix.net:37d82712-48e9-4537-883e-a597cbff2ff5;GET /events/cfApps;
1472562533000;ace-appdetails-test-20160819-141650.ng.bluemix.net:11c1fed1-72ec-4aad-8d49-bca5a9997a1a;GET /socket.io/;
1472562530000;ace-events-test-20160819-141650.ng.bluemix.net:37d82712-48e9-4537-883e-a597cbff2ff5;GET /events/cfServices;
1472562529000;ace-events-test-20160819-141650.ng.bluemix.net:37d82712-48e9-4537-883e-a597cbff2ff5;GET /socket.io/;
1472562527000;ace-events-test-20160819-141650.ng.bluemix.net:37d82712-48e9-4537-883e-a597cbff2ff5;GET /sessionp;
1472562505000;ace-events-test-20160819-141650.ng.bluemix.net:37d82712-48e9-4537-883e-a597cbff2ff5;GET /sessionp;
1472562494000;ace-events-test-20160819-141650.ng.bluemix.net:37d82712-48e9-4537-883e-a597cbff2ff5;GET /socket.io/;
1472562488000;fundox.mybluemix.net:94338ee4-a69b-46c5-972f-3683db725531;GET /socket.io/;
1472562468000;ace-events-test-20160819-141650.ng.bluemix.net:37d82712-48e9-4537-883e-a597cbff2ff5;GET /sessionp;
1472562452000;ace-abstraction-test-20160819-141650.ng.bluemix.net:abfe8deb-1d26-46fd-bbd9-ead49070285b;GET /model/v1/dashboard;
1472562440000;insightscentraldemo2.mybluemix.net:86acc12a-181c-4b97-a24e-d9a17fbc5bd5;GET /socket.io/;
1472562438000;ace-appdetails-test-20160819-141650.ng.bluemix.net:11c1fed1-72ec-4aad-8d49-bca5a9997a1a;GET /socket.io/;
1472562427000;ace-events-test-20160819-141650.ng.bluemix.net:37d82712-48e9-4537-883e-a597cbff2ff5;GET /events/cfServices/tags;
1472562420000;ace-dashboard-test-20160819-141650.ng.bluemix.net:aad37ac1-8c05-44cc-8282-385aa73541d5;GET /dashboard/api/model;
1472562420000;new-console.ng.bluemix.net:ecc7071e-1a77-4719-9290-fc327d7f2960;GET /dashboard/api/model;
1472562408000;ace-dashboard-test-20160819-141650.ng.bluemix.net:aad37ac1-8c05-44cc-8282-385aa73541d5;GET /dashboard/api/model;
1472562408000;new-console.ng.bluemix.net:ecc7071e-1a77-4719-9290-fc327d7f2960;GET /dashboard/api/model;
1472562402000;ace-abstraction-test-20160819-141650.ng.bluemix.net:abfe8deb-1d26-46fd-bbd9-ead49070285b;GET /model/v1/dashboard;
1472562383000;ace-abstraction-test-20160819-141650.ng.bluemix.net:abfe8deb-1d26-46fd-bbd9-ead49070285b;GET /model/v1/dashboard;
1472562373000;ace-events-production-20160816-120854.ng.bluemix.net:093f11c8-939e-4de8-92c9-6c2bc30d7384;GET /socket.io/;
1472562360000;ace-events-test-20160819-141650.ng.bluemix.net:37d82712-48e9-4537-883e-a597cbff2ff5;GET /events/;
1472562360000;new-console.ng.bluemix.net:ecc7071e-1a77-4719-9290-fc327d7f2960;GET /events/;
1472562346000;ace-events-test-20160819-141650.ng.bluemix.net:37d82712-48e9-4537-883e-a597cbff2ff5;GET /events/cfApps;
1472562344000;ace-events-test-20160819-141650.ng.bluemix.net:37d82712-48e9-4537-883e-a597cbff2ff5;GET /socket.io/;
1472562335000;ace-events-test-20160819-141650.ng.bluemix.net:37d82712-48e9-4537-883e-a597cbff2ff5;GET /sessionp;
1472562331000;ace-events-test-20160819-141650.ng.bluemix.net:37d82712-48e9-4537-883e-a597cbff2ff5;GET /events/cfApps;
1472562326000;ace-events-test-20160819-141650.ng.bluemix.net:37d82712-48e9-4537-883e-a597cbff2ff5;GET /events/cfServices;
1472562323000;viewuge-node-red.mybluemix.net:00b60564-4c44-4d76-8e8c-98ae9577483b;GET /red/comms;
1472562317000;lucy-poc.mybluemix.net:96349fe4-8fb7-4707-9ede-f0ac6b5c8d3f;GET /socket.io/;
1472562303000;ace-events-test-20160819-141650.ng.bluemix.net:37d82712-48e9-4537-883e-a597cbff2ff5;GET /sessionp;
1472562284000;new-console.ng.bluemix.net:ecc7071e-1a77-4719-9290-fc327d7f2960;GET /dashboard/api/model;
1472562284000;ace-abstraction-test-20160819-141650.ng.bluemix.net:abfe8deb-1d26-46fd-bbd9-ead49070285b;GET /model/v1/dashboard;
1472562280000;ace-events-test-20160819-141650.ng.bluemix.net:37d82712-48e9-4537-883e-a597cbff2ff5;GET /socket.io/;
1472562253000;new-console.ng.bluemix.net:ecc7071e-1a77-4719-9290-fc327d7f2960;GET /events/;
1472562253000;ace-events-test-20160819-141650.ng.bluemix.net:37d82712-48e9-4537-883e-a597cbff2ff5;GET /events/;
1472562236000;ace-abstraction-test-20160819-141650.ng.bluemix.net:abfe8deb-1d26-46fd-bbd9-ead49070285b;GET /model/v1/dashboard;
1472562233000;ace-events-test-20160819-141650.ng.bluemix.net:37d82712-48e9-4537-883e-a597cbff2ff5;GET /socket.io/;
1472562229000;api.ng.bluemix.net;PUT /v2/apps/uuid_replaced;
1472562214000;ace-events-test-20160819-141650.ng.bluemix.net:37d82712-48e9-4537-883e-a597cbff2ff5;GET /sessionp;
1472562192000;ace-events-test-20160819-141650.ng.bluemix.net:37d82712-48e9-4537-883e-a597cbff2ff5;GET /socket.io/;
1472562173000;ace-events-test-20160819-141650.ng.bluemix.net:37d82712-48e9-4537-883e-a597cbff2ff5;GET /events/;
1472562173000;new-console.ng.bluemix.net:ecc7071e-1a77-4719-9290-fc327d7f2960;GET /events/;
1472562170000;ace-events-production-20160819-142035.ng.bluemix.net:32f10e38-b324-4888-83b3-3e82beeea229;GET /socket.io/;
1472562166000;ace-events-test-20160819-141650.ng.bluemix.net:37d82712-48e9-4537-883e-a597cbff2ff5;GET /sessionp;
1472562165000;ace-abstraction-test-20160819-141650.ng.bluemix.net:abfe8deb-1d26-46fd-bbd9-ead49070285b;GET /model/v1/dashboard;
1472562151000;ace-events-test-20160819-141650.ng.bluemix.net:37d82712-48e9-4537-883e-a597cbff2ff5;GET /events/cfApps;
1472562148000;ace-events-test-20160819-141650.ng.bluemix.net:37d82712-48e9-4537-883e-a597cbff2ff5;GET /events/cfServices/tags;
1472562140000;ace-events-test-20160819-141650.ng.bluemix.net:37d82712-48e9-4537-883e-a597cbff2ff5;GET /sessionp;
1472562140000;ace-events-test-20160819-141650.ng.bluemix.net:37d82712-48e9-4537-883e-a597cbff2ff5;GET /socket.io/;
1472562136000;ace-events-test-20160819-141650.ng.bluemix.net:37d82712-48e9-4537-883e-a597cbff2ff5;GET /events/;
1472562136000;new-console.ng.bluemix.net:ecc7071e-1a77-4719-9290-fc327d7f2960;GET /events/;
1472562112000;ace-events-test-20160819-141650.ng.bluemix.net:37d82712-48e9-4537-883e-a597cbff2ff5;GET /events/;
1472562112000;new-console.ng.bluemix.net:ecc7071e-1a77-4719-9290-fc327d7f2960;GET /events/;
1472562111000;new-console.ng.bluemix.net:ecc7071e-1a77-4719-9290-fc327d7f2960;GET /dashboard/api/model;
1472562111000;ace-dashboard-test-20160819-141650.ng.bluemix.net:aad37ac1-8c05-44cc-8282-385aa73541d5;GET /dashboard/api/model;
1472562108000;fundox.mybluemix.net:94338ee4-a69b-46c5-972f-3683db725531;GET /socket.io/;
1472562101000;ace-abstraction-test-20160819-141650.ng.bluemix.net:abfe8deb-1d26-46fd-bbd9-ead49070285b;GET /model/v1/dashboard;
1472562101000;new-console.ng.bluemix.net:ecc7071e-1a77-4719-9290-fc327d7f2960;GET /dashboard/api/model;
1472562101000;ace-dashboard-test-20160819-141650.ng.bluemix.net:aad37ac1-8c05-44cc-8282-385aa73541d5;GET /dashboard/api/model;
1472562086000;ace-events-test-20160819-141650.ng.bluemix.net:37d82712-48e9-4537-883e-a597cbff2ff5;GET /events/cfServices/tags;
1472562079000;new-console.ng.bluemix.net:ecc7071e-1a77-4719-9290-fc327d7f2960;GET /dashboard/api/model;
1472562077000;ace-dashboard-test-20160819-141650.ng.bluemix.net:aad37ac1-8c05-44cc-8282-385aa73541d5;GET /dashboard/api/model;
1472562055000;ace-appdetails-test-20160819-141650.ng.bluemix.net:11c1fed1-72ec-4aad-8d49-bca5a9997a1a;GET /apps/api/model;
1472562055000;new-console.ng.bluemix.net:ecc7071e-1a77-4719-9290-fc327d7f2960;GET /apps/api/model;
1472562039000;ace-events-test-20160819-141650.ng.bluemix.net:37d82712-48e9-4537-883e-a597cbff2ff5;GET /events/cfServices/tags;
1472562039000;ace-appdetails-test-20160819-141650.ng.bluemix.net:11c1fed1-72ec-4aad-8d49-bca5a9997a1a;GET /apps/api/model;
1472562038000;new-console.ng.bluemix.net:ecc7071e-1a77-4719-9290-fc327d7f2960;GET /apps/api/model;
1472562035000;ace-events-test-20160819-141650.ng.bluemix.net:37d82712-48e9-4537-883e-a597cbff2ff5;GET /events/;
1472562035000;new-console.ng.bluemix.net:ecc7071e-1a77-4719-9290-fc327d7f2960;GET /events/;
1472562034000;ace-events-test-20160819-141650.ng.bluemix.net:37d82712-48e9-4537-883e-a597cbff2ff5;GET /events/cfApps;
1472562034000;ace-events-test-20160819-141650.ng.bluemix.net:37d82712-48e9-4537-883e-a597cbff2ff5;GET /events/cfServices;
1472562024000;ace-dashboard-test-20160819-141650.ng.bluemix.net:aad37ac1-8c05-44cc-8282-385aa73541d5;GET /dashboard/api/model;
1472562024000;new-console.ng.bluemix.net:ecc7071e-1a77-4719-9290-fc327d7f2960;GET /dashboard/api/model;
1472562024000;ace-abstraction-test-20160819-141650.ng.bluemix.net:abfe8deb-1d26-46fd-bbd9-ead49070285b;GET /model/v1/dashboard;
1472562012000;new-console.ng.bluemix.net:ecc7071e-1a77-4719-9290-fc327d7f2960;GET /events/;
1472562012000;ace-events-test-20160819-141650.ng.bluemix.net:37d82712-48e9-4537-883e-a597cbff2ff5;GET /events/;
1472562003000;ace-abstraction-test-20160819-141650.ng.bluemix.net:abfe8deb-1d26-46fd-bbd9-ead49070285b;GET /model/v1/dashboard;
1472562003000;new-console.ng.bluemix.net:ecc7071e-1a77-4719-9290-fc327d7f2960;GET /dashboard/api/model;
1472562003000;ace-dashboard-test-20160819-141650.ng.bluemix.net:aad37ac1-8c05-44cc-8282-385aa73541d5;GET /dashboard/api/model;
1472561981000;ace-events-test-20160819-141650.ng.bluemix.net:37d82712-48e9-4537-883e-a597cbff2ff5;GET /events/cfServices/tags;
1472561978000;ace-events-test-20160819-141650.ng.bluemix.net:37d82712-48e9-4537-883e-a597cbff2ff5;GET /events/;
1472561978000;new-console.ng.bluemix.net:ecc7071e-1a77-4719-9290-fc327d7f2960;GET /events/;
1472561973000;fundox.mybluemix.net:94338ee4-a69b-46c5-972f-3683db725531;GET /socket.io/;
1472561962000;new-console.ng.bluemix.net:ecc7071e-1a77-4719-9290-fc327d7f2960;GET /dashboard/api/model;
1472561962000;ace-dashboard-test-20160819-141650.ng.bluemix.net:aad37ac1-8c05-44cc-8282-385aa73541d5;GET /dashboard/api/model;
1472561919000;new-console.ng.bluemix.net:ecc7071e-1a77-4719-9290-fc327d7f2960;GET /dashboard/api/cf-apps-info;
1472561919000;new-console.ng.bluemix.net:ecc7071e-1a77-4719-9290-fc327d7f2960;GET /dashboard/api/services-info;
1472561919000;ace-dashboard-test-20160819-141650.ng.bluemix.net:aad37ac1-8c05-44cc-8282-385aa73541d5;GET /dashboard/api/cf-apps-info;
1472561912000;ace-events-test-20160819-141650.ng.bluemix.net:37d82712-48e9-4537-883e-a597cbff2ff5;GET /events/cfServices/tags;
1472561891000;new-console.ng.bluemix.net:ecc7071e-1a77-4719-9290-fc327d7f2960;GET /dashboard/api/model;
1472561891000;ace-abstraction-test-20160819-141650.ng.bluemix.net:abfe8deb-1d26-46fd-bbd9-ead49070285b;GET /model/v1/dashboard;
1472561891000;ace-dashboard-test-20160819-141650.ng.bluemix.net:aad37ac1-8c05-44cc-8282-385aa73541d5;GET /dashboard/api/model;
1472561874000;ace-events-test-20160819-141650.ng.bluemix.net:37d82712-48e9-4537-883e-a597cbff2ff5;GET /events/;
1472561874000;new-console.ng.bluemix.net:ecc7071e-1a77-4719-9290-fc327d7f2960;GET /events/;
1472561873000;ace-events-test-20160819-141650.ng.bluemix.net:37d82712-48e9-4537-883e-a597cbff2ff5;GET /socket.io/;
1472561853000;ace-events-test-20160819-141650.ng.bluemix.net:37d82712-48e9-4537-883e-a597cbff2ff5;GET /events/;
1472561853000;ace-events-test-20160819-141650.ng.bluemix.net:37d82712-48e9-4537-883e-a597cbff2ff5;GET /events/cfServices/tags;
1472561853000;new-console.ng.bluemix.net:ecc7071e-1a77-4719-9290-fc327d7f2960;GET /events/;
1472561835000;ace-events-test-20160819-141650.ng.bluemix.net:37d82712-48e9-4537-883e-a597cbff2ff5;GET /socket.io/;
1472561834000;ace-events-test-20160819-141650.ng.bluemix.net:37d82712-48e9-4537-883e-a597cbff2ff5;GET /events/cfServices;
1472561827000;ace-events-test-20160819-141650.ng.bluemix.net:37d82712-48e9-4537-883e-a597cbff2ff5;GET /events/cfServices/tags;
1472561815000;ace-events-test-20160819-141650.ng.bluemix.net:37d82712-48e9-4537-883e-a597cbff2ff5;GET /events/cfApps;
1472561815000;ace-events-test-20160819-141650.ng.bluemix.net:37d82712-48e9-4537-883e-a597cbff2ff5;GET /sessionp;
1472561807000;ace-events-test-20160819-141650.ng.bluemix.net:37d82712-48e9-4537-883e-a597cbff2ff5;GET /events/cfServices/tags;
1472561793000;new-console.ng.bluemix.net:ecc7071e-1a77-4719-9290-fc327d7f2960;GET /events/;
1472561793000;ace-events-test-20160819-141650.ng.bluemix.net:37d82712-48e9-4537-883e-a597cbff2ff5;GET /events/;
1472561785000;ace-events-test-20160819-141650.ng.bluemix.net:37d82712-48e9-4537-883e-a597cbff2ff5;GET /sessionp;
1472561785000;new-console.ng.bluemix.net:ecc7071e-1a77-4719-9290-fc327d7f2960;GET /events/;
1472561785000;ace-events-test-20160819-141650.ng.bluemix.net:37d82712-48e9-4537-883e-a597cbff2ff5;GET /events/;
1472561783000;insightsproduction.mybluemix.net:361f0003-90a2-4669-946b-a08f18d87ac8;GET /socket.io/;
1472561777000;new-console.ng.bluemix.net:ecc7071e-1a77-4719-9290-fc327d7f2960;GET /events/;
1472561771000;ace-events-test-20160819-141650.ng.bluemix.net:37d82712-48e9-4537-883e-a597cbff2ff5;GET /socket.io/;
1472561759000;ace-dashboard-test-20160819-141650.ng.bluemix.net:aad37ac1-8c05-44cc-8282-385aa73541d5;GET /dashboard/api/model;
1472561759000;ace-abstraction-test-20160819-141650.ng.bluemix.net:abfe8deb-1d26-46fd-bbd9-ead49070285b;GET /model/v1/dashboard;
1472561758000;new-console.ng.bluemix.net:ecc7071e-1a77-4719-9290-fc327d7f2960;GET /dashboard/api/model;
1472561757000;ace-events-test-20160819-141650.ng.bluemix.net:37d82712-48e9-4537-883e-a597cbff2ff5;GET /events/cfServices/tags;
1472561755000;ace-events-test-20160819-141650.ng.bluemix.net:37d82712-48e9-4537-883e-a597cbff2ff5;GET /events/cfApps;
1472561749000;ace-events-test-20160819-141650.ng.bluemix.net:37d82712-48e9-4537-883e-a597cbff2ff5;GET /events/;
1472561749000;new-console.ng.bluemix.net:ecc7071e-1a77-4719-9290-fc327d7f2960;GET /events/;
1472561733000;ace-events-test-20160819-141650.ng.bluemix.net:37d82712-48e9-4537-883e-a597cbff2ff5;GET /socket.io/;
1472561725000;ace-events-test-20160819-141650.ng.bluemix.net:37d82712-48e9-4537-883e-a597cbff2ff5;GET /events/cfServices/tags;
1472561725000;ace-events-test-20160819-141650.ng.bluemix.net:37d82712-48e9-4537-883e-a597cbff2ff5;GET /sessionp;
1472561717000;ace-events-test-20160819-141650.ng.bluemix.net:37d82712-48e9-4537-883e-a597cbff2ff5;GET /events/cfServices/tags;
1472561689000;ace-events-test-20160819-141650.ng.bluemix.net:37d82712-48e9-4537-883e-a597cbff2ff5;GET /events/cfApps;
1472561689000;ace-abstraction-test-20160819-141650.ng.bluemix.net:abfe8deb-1d26-46fd-bbd9-ead49070285b;GET /model/v1/dashboard;
1472561689000;ace-dashboard-test-20160819-141650.ng.bluemix.net:aad37ac1-8c05-44cc-8282-385aa73541d5;GET /dashboard/api/model;
1472561689000;new-console.ng.bluemix.net:ecc7071e-1a77-4719-9290-fc327d7f2960;GET /dashboard/api/model;
1472561688000;ace-events-test-20160819-141650.ng.bluemix.net:37d82712-48e9-4537-883e-a597cbff2ff5;GET /events/cfServices/tags;
1472561663000;ace-abstraction-test-20160819-141650.ng.bluemix.net:abfe8deb-1d26-46fd-bbd9-ead49070285b;GET /model/v1/dashboard;
1472561662000;ace-dashboard-test-20160819-141650.ng.bluemix.net:aad37ac1-8c05-44cc-8282-385aa73541d5;GET /dashboard/api/model;
1472561662000;new-console.ng.bluemix.net:ecc7071e-1a77-4719-9290-fc327d7f2960;GET /dashboard/api/model;
1472561661000;ace-events-test-20160819-141650.ng.bluemix.net:37d82712-48e9-4537-883e-a597cbff2ff5;GET /events/cfServices/tags;
1472561650000;ace-events-test-20160819-141650.ng.bluemix.net:37d82712-48e9-4537-883e-a597cbff2ff5;GET /events/cfServices/tags;
1472561643000;new-console.ng.bluemix.net:ecc7071e-1a77-4719-9290-fc327d7f2960;GET /events/;
1472561643000;ace-events-test-20160819-141650.ng.bluemix.net:37d82712-48e9-4537-883e-a597cbff2ff5;GET /events/;
1472561611000;ace-dashboard-test-20160819-141650.ng.bluemix.net:aad37ac1-8c05-44cc-8282-385aa73541d5;GET /dashboard/api/model;
1472561611000;new-console.ng.bluemix.net:ecc7071e-1a77-4719-9290-fc327d7f2960;GET /dashboard/api/model;
1472561611000;ace-abstraction-test-20160819-141650.ng.bluemix.net:abfe8deb-1d26-46fd-bbd9-ead49070285b;GET /model/v1/dashboard;
1472561607000;ace-events-test-20160819-141650.ng.bluemix.net:37d82712-48e9-4537-883e-a597cbff2ff5;GET /events/;
1472561583000;ace-dashboard-test-20160819-141650.ng.bluemix.net:aad37ac1-8c05-44cc-8282-385aa73541d5;GET /dashboard/api/model;
1472561583000;new-console.ng.bluemix.net:ecc7071e-1a77-4719-9290-fc327d7f2960;GET /dashboard/api/model;
1472561579000;ace-abstraction-test-20160819-141650.ng.bluemix.net:abfe8deb-1d26-46fd-bbd9-ead49070285b;GET /model/v1/dashboard;
1472561547000;ace-events-test-20160819-141650.ng.bluemix.net:37d82712-48e9-4537-883e-a597cbff2ff5;GET /events/;
1472561547000;new-console.ng.bluemix.net:ecc7071e-1a77-4719-9290-fc327d7f2960;GET /events/;
1472561520000;ace-events-test-20160819-141650.ng.bluemix.net:37d82712-48e9-4537-883e-a597cbff2ff5;GET /events/;
1472561520000;new-console.ng.bluemix.net:ecc7071e-1a77-4719-9290-fc327d7f2960;GET /events/;
1472561517000;ace-dashboard-test-20160819-141650.ng.bluemix.net:aad37ac1-8c05-44cc-8282-385aa73541d5;GET /dashboard/api/model;
1472561517000;ace-abstraction-test-20160819-141650.ng.bluemix.net:abfe8deb-1d26-46fd-bbd9-ead49070285b;GET /model/v1/dashboard;
1472561516000;new-console.ng.bluemix.net:ecc7071e-1a77-4719-9290-fc327d7f2960;GET /dashboard/api/model;
1472561498000;fundox.mybluemix.net:94338ee4-a69b-46c5-972f-3683db725531;GET /socket.io/;
1472561498000;api.xforce.ibmcloud.com:b5a69486-2f81-4589-a26d-257218bfec27;GET /socket.io/;
1472561486000;ace-events-production-20160816-120854.ng.bluemix.net:093f11c8-939e-4de8-92c9-6c2bc30d7384;GET /socket.io/;
1472561486000;ace-abstraction-test-20160819-141650.ng.bluemix.net:abfe8deb-1d26-46fd-bbd9-ead49070285b;GET /model/v1/dashboard;
1472561478000;api.xforce.ibmcloud.com:b5a69486-2f81-4589-a26d-257218bfec27;GET /socket.io/;
1472561467000;ace-events-test-20160819-141650.ng.bluemix.net:37d82712-48e9-4537-883e-a597cbff2ff5;GET /socket.io/;
1472561466000;ace-abstraction-test-20160819-141650.ng.bluemix.net:abfe8deb-1d26-46fd-bbd9-ead49070285b;GET /model/v1/dashboard;
1472561454000;ace-events-test-20160819-141650.ng.bluemix.net:37d82712-48e9-4537-883e-a597cbff2ff5;GET /events/cfApps;
1472561443000;ace-abstraction-test-20160819-141650.ng.bluemix.net:abfe8deb-1d26-46fd-bbd9-ead49070285b;GET /model/v1/dashboard;
1472561396000;ace-abstraction-test-20160819-141650.ng.bluemix.net:abfe8deb-1d26-46fd-bbd9-ead49070285b;GET /model/v1/dashboard;
1472561392000;new-console.ng.bluemix.net:ecc7071e-1a77-4719-9290-fc327d7f2960;GET /apps/api/model;
1472561392000;ace-appdetails-test-20160819-141650.ng.bluemix.net:11c1fed1-72ec-4aad-8d49-bca5a9997a1a;GET /apps/api/model;
1472561392000;ace-events-test-20160819-141650.ng.bluemix.net:37d82712-48e9-4537-883e-a597cbff2ff5;GET /events/cfServices;
1472561392000;ace-events-test-20160819-141650.ng.bluemix.net:37d82712-48e9-4537-883e-a597cbff2ff5;GET /events/cfApps;
1472561392000;ace-events-test-20160819-141650.ng.bluemix.net:37d82712-48e9-4537-883e-a597cbff2ff5;GET /events/cfServices/tags;
1472561376000;new-console.ng.bluemix.net:ecc7071e-1a77-4719-9290-fc327d7f2960;GET /events/;
1472561376000;ace-dashboard-test-20160819-141650.ng.bluemix.net:aad37ac1-8c05-44cc-8282-385aa73541d5;GET /dashboard/api/model;
1472561376000;new-console.ng.bluemix.net:ecc7071e-1a77-4719-9290-fc327d7f2960;GET /dashboard/api/model;
1472561375000;ace-events-test-20160819-141650.ng.bluemix.net:37d82712-48e9-4537-883e-a597cbff2ff5;GET /events/;
1472561372000;ace-abstraction-test-20160819-141650.ng.bluemix.net:abfe8deb-1d26-46fd-bbd9-ead49070285b;GET /model/v1/dashboard;
1472561348000;ace-dashboard-production-20160819-142035.ng.bluemix.net:a548feb5-e0fa-4842-8a2d-ea96f4a0a11c;GET /socket.io/;
1472561332000;ace-events-test-20160819-141650.ng.bluemix.net:37d82712-48e9-4537-883e-a597cbff2ff5;GET /events/cfServices/tags;
1472561307000;new-console.ng.bluemix.net:ecc7071e-1a77-4719-9290-fc327d7f2960;GET /events/;
1472561305000;ace-events-test-20160819-141650.ng.bluemix.net:37d82712-48e9-4537-883e-a597cbff2ff5;GET /events/;
1472561305000;ace-events-test-20160819-141650.ng.bluemix.net:37d82712-48e9-4537-883e-a597cbff2ff5;GET /events/cfServices/tags;
1472561304000;ace-dashboard-test-20160819-141650.ng.bluemix.net:aad37ac1-8c05-44cc-8282-385aa73541d5;GET /dashboard/api/model;
1472561304000;ace-abstraction-test-20160819-141650.ng.bluemix.net:abfe8deb-1d26-46fd-bbd9-ead49070285b;GET /model/v1/dashboard;
1472561304000;new-console.ng.bluemix.net:ecc7071e-1a77-4719-9290-fc327d7f2960;GET /dashboard/api/model;
1472561297000;ace-events-test-20160819-141650.ng.bluemix.net:37d82712-48e9-4537-883e-a597cbff2ff5;GET /sessionp;
1472561266000;ace-events-test-20160819-141650.ng.bluemix.net:37d82712-48e9-4537-883e-a597cbff2ff5;GET /events/cfApps;
1472561258000;ace-events-test-20160819-141650.ng.bluemix.net:37d82712-48e9-4537-883e-a597cbff2ff5;GET /sessionp;
1472561258000;ace-dashboard-test-20160819-141650.ng.bluemix.net:aad37ac1-8c05-44cc-8282-385aa73541d5;GET /dashboard/api/cf-apps-info;
1472561258000;new-console.ng.bluemix.net:ecc7071e-1a77-4719-9290-fc327d7f2960;GET /dashboard/api/cf-apps-info;
1472561257000;ace-events-test-20160819-141650.ng.bluemix.net:37d82712-48e9-4537-883e-a597cbff2ff5;GET /socket.io/;
1472561254000;ace-events-test-20160819-141650.ng.bluemix.net:37d82712-48e9-4537-883e-a597cbff2ff5;GET /events/cfServices/tags;
1472561214000;api.xforce.ibmcloud.com:b5a69486-2f81-4589-a26d-257218bfec27;GET /socket.io/;
1472561208000;ace-events-test-20160819-141650.ng.bluemix.net:37d82712-48e9-4537-883e-a597cbff2ff5;GET /events/cfServices;
1472561206000;new-console.ng.bluemix.net:ecc7071e-1a77-4719-9290-fc327d7f2960;GET /dashboard/api/model;
1472561206000;ace-abstraction-test-20160819-141650.ng.bluemix.net:abfe8deb-1d26-46fd-bbd9-ead49070285b;GET /model/v1/dashboard;
1472561206000;ace-events-test-20160819-141650.ng.bluemix.net:37d82712-48e9-4537-883e-a597cbff2ff5;GET /events/cfApps;
1472561206000;ace-dashboard-test-20160819-141650.ng.bluemix.net:aad37ac1-8c05-44cc-8282-385aa73541d5;GET /dashboard/api/model;
1472561206000;ace-events-test-20160819-141650.ng.bluemix.net:37d82712-48e9-4537-883e-a597cbff2ff5;GET /events/cfServices/tags;
1472561202000;ace-events-test-20160819-141650.ng.bluemix.net:37d82712-48e9-4537-883e-a597cbff2ff5;GET /events/;
1472561202000;new-console.ng.bluemix.net:ecc7071e-1a77-4719-9290-fc327d7f2960;GET /events/;
1472561178000;ace-events-test-20160819-141650.ng.bluemix.net:37d82712-48e9-4537-883e-a597cbff2ff5;GET /socket.io/;
1472561174000;api.xforce.ibmcloud.com:b5a69486-2f81-4589-a26d-257218bfec27;GET /socket.io/;
1472561105000;viewuge-node-red.mybluemix.net:00b60564-4c44-4d76-8e8c-98ae9577483b;GET /red/comms;
1472561089000;ace-events-test-20160819-141650.ng.bluemix.net:37d82712-48e9-4537-883e-a597cbff2ff5;GET /socket.io/;
1472561067000;fundox.mybluemix.net:94338ee4-a69b-46c5-972f-3683db725531;GET /socket.io/;
1472561061000;lucy-poc.mybluemix.net:96349fe4-8fb7-4707-9ede-f0ac6b5c8d3f;GET /socket.io/;
1472561054000;ace-events-test-20160819-141650.ng.bluemix.net:37d82712-48e9-4537-883e-a597cbff2ff5;GET /socket.io/;
1472561018000;ace-events-test-20160819-141650.ng.bluemix.net:37d82712-48e9-4537-883e-a597cbff2ff5;GET /socket.io/;
1472560980000;lucy-poc.mybluemix.net:96349fe4-8fb7-4707-9ede-f0ac6b5c8d3f;GET /socket.io/;
1472560973000;fundox.mybluemix.net:94338ee4-a69b-46c5-972f-3683db725531;GET /socket.io/;
1472560973000;ace-events-test-20160819-141650.ng.bluemix.net:37d82712-48e9-4537-883e-a597cbff2ff5;GET /socket.io/;
1472560965000;fundox.mybluemix.net:94338ee4-a69b-46c5-972f-3683db725531;GET /socket.io/;
1472560956000;ace-dashboard-test-20160819-141650.ng.bluemix.net:aad37ac1-8c05-44cc-8282-385aa73541d5;GET /dashboard/api/cf-apps-info;
1472560951000;ace-dashboard-test-20160819-141650.ng.bluemix.net:aad37ac1-8c05-44cc-8282-385aa73541d5;GET /dashboard/api/services-info;
1472560951000;new-console.ng.bluemix.net:ecc7071e-1a77-4719-9290-fc327d7f2960;GET /dashboard/api/services-info;
1472560949000;fundox.mybluemix.net:94338ee4-a69b-46c5-972f-3683db725531;GET /socket.io/;
1472560858000;viewuge-node-red.mybluemix.net:00b60564-4c44-4d76-8e8c-98ae9577483b;GET /red/comms;
1472560858000;api.xforce.ibmcloud.com:b5a69486-2f81-4589-a26d-257218bfec27;GET /socket.io/;
1472560845000;fundox.mybluemix.net:94338ee4-a69b-46c5-972f-3683db725531;GET /socket.io/;
1472560828000;fundox.mybluemix.net:94338ee4-a69b-46c5-972f-3683db725531;GET /socket.io/;
1472560739000;ace-events-test-20160819-141650.ng.bluemix.net:37d82712-48e9-4537-883e-a597cbff2ff5;GET /socket.io/;
1472560663000;ace-events-test-20160819-141650.ng.bluemix.net:37d82712-48e9-4537-883e-a597cbff2ff5;GET /socket.io/;
1472560663000;ace-events-production-20160819-142035.ng.bluemix.net:32f10e38-b324-4888-83b3-3e82beeea229;GET /socket.io/;
1472560636000;ace-events-test-20160819-141650.ng.bluemix.net:37d82712-48e9-4537-883e-a597cbff2ff5;GET /socket.io/;
1472560609000;ace-events-test-20160819-141650.ng.bluemix.net:37d82712-48e9-4537-883e-a597cbff2ff5;GET /socket.io/;
1472560598000;ace-events-production-20160816-120854.ng.bluemix.net:093f11c8-939e-4de8-92c9-6c2bc30d7384;GET /socket.io/;
1472560583000;petrajp.mybluemix.net:7733a9cb-6a49-4cae-9f64-57748b9426ae;POST /petra/api/rome/dija;
1472560565000;api.xforce.ibmcloud.com:b5a69486-2f81-4589-a26d-257218bfec27;GET /socket.io/;
1472560561000;ace-events-test-20160819-141650.ng.bluemix.net:37d82712-48e9-4537-883e-a597cbff2ff5;GET /socket.io/;
1472560527000;ace-dashboard-production-20160819-142035.ng.bluemix.net:a548feb5-e0fa-4842-8a2d-ea96f4a0a11c;GET /socket.io/;
1472560503000;ace-dashboard-production-20160819-142035.ng.bluemix.net:a548feb5-e0fa-4842-8a2d-ea96f4a0a11c;GET /socket.io/;
1472560466000;fundox.mybluemix.net:94338ee4-a69b-46c5-972f-3683db725531;GET /socket.io/;
1472560358000;petrajp.mybluemix.net:7733a9cb-6a49-4cae-9f64-57748b9426ae;POST /petra/api/rome/dija;
1472560321000;ace-events-test-20160819-141650.ng.bluemix.net:37d82712-48e9-4537-883e-a597cbff2ff5;GET /socket.io/;
1472560304000;petrajp.mybluemix.net:7733a9cb-6a49-4cae-9f64-57748b9426ae;POST /petra/api/rome/dija;
1472560284000;ace-appdetails-test-20160819-141650.ng.bluemix.net:11c1fed1-72ec-4aad-8d49-bca5a9997a1a;GET /socket.io/;
1472560251000;fundox.mybluemix.net:94338ee4-a69b-46c5-972f-3683db725531;GET /socket.io/;
1472560188000;petrajp.mybluemix.net:7733a9cb-6a49-4cae-9f64-57748b9426ae;POST /petra/api/rome/dija;
1472560125000;ace-events-test-20160819-141650.ng.bluemix.net:37d82712-48e9-4537-883e-a597cbff2ff5;GET /socket.io/;
1472560065000;mcaas-prod-api.mybluemix.net:279c9ce9-c107-44bd-83b6-547fd0f37074;POST /api/v1.0/visualization;
1472560061000;ibmwatson-rr-wsapi-prod.ng.bluemix.net:8f2fcba9-036d-4766-98bd-1f85c0b82df1;GET /primus/;
1472559997000;ace-events-test-20160819-141650.ng.bluemix.net:37d82712-48e9-4537-883e-a597cbff2ff5;GET /socket.io/;
1472559977000;api.xforce.ibmcloud.com:b5a69486-2f81-4589-a26d-257218bfec27;GET /socket.io/;
1472559969000;api.xforce.ibmcloud.com:b5a69486-2f81-4589-a26d-257218bfec27;GET /socket.io/;
1472559969000;ace-events-test-20160819-141650.ng.bluemix.net:37d82712-48e9-4537-883e-a597cbff2ff5;GET /socket.io/;
1472559918000;api.xforce.ibmcloud.com:b5a69486-2f81-4589-a26d-257218bfec27;GET /socket.io/;
1472559906000;api.xforce.ibmcloud.com:b5a69486-2f81-4589-a26d-257218bfec27;GET /socket.io/;
1472559896000;ace-dashboard-test-20160819-141650.ng.bluemix.net:aad37ac1-8c05-44cc-8282-385aa73541d5;GET /dashboard/api/services-info;
1472559896000;new-console.ng.bluemix.net:ecc7071e-1a77-4719-9290-fc327d7f2960;GET /dashboard/api/services-info;
1472559889000;ace-dashboard-test-20160819-141650.ng.bluemix.net:aad37ac1-8c05-44cc-8282-385aa73541d5;GET /dashboard/api/cf-apps-info;
1472559877000;api.xforce.ibmcloud.com:b5a69486-2f81-4589-a26d-257218bfec27;GET /socket.io/;
1472559863000;ace-events-test-20160819-141650.ng.bluemix.net:37d82712-48e9-4537-883e-a597cbff2ff5;GET /socket.io/;
1472559833000;ace-events-test-20160819-141650.ng.bluemix.net:37d82712-48e9-4537-883e-a597cbff2ff5;GET /socket.io/;
1472559765000;viewuge-node-red.mybluemix.net:00b60564-4c44-4d76-8e8c-98ae9577483b;GET /red/comms;
1472559724000;fundox.mybluemix.net:94338ee4-a69b-46c5-972f-3683db725531;GET /socket.io/;
1472559720000;ace-dashboard-production-20160819-142035.ng.bluemix.net:a548feb5-e0fa-4842-8a2d-ea96f4a0a11c;GET /socket.io/;
1472559684000;ace-events-test-20160819-141650.ng.bluemix.net:37d82712-48e9-4537-883e-a597cbff2ff5;GET /socket.io/;
1472559641000;viewuge-node-red.mybluemix.net:00b60564-4c44-4d76-8e8c-98ae9577483b;GET /red/comms;
1472559560000;petrajp.mybluemix.net:7733a9cb-6a49-4cae-9f64-57748b9426ae;POST /petra/api/rome/dija;
1472559509000;ace-events-test-20160819-141650.ng.bluemix.net:37d82712-48e9-4537-883e-a597cbff2ff5;GET /socket.io/;
1472559492000;petrajp.mybluemix.net:7733a9cb-6a49-4cae-9f64-57748b9426ae;POST /petra/api/rome/dija;
1472559483000;zavezu-backend.mybluemix.net:8f40723d-a907-4445-9335-f913038b5317;GET /api/place/add;
1472559416000;petrajp.mybluemix.net:7733a9cb-6a49-4cae-9f64-57748b9426ae;POST /petra/api/rome/dija;
1472559413000;ace-events-test-20160819-141650.ng.bluemix.net:37d82712-48e9-4537-883e-a597cbff2ff5;GET /socket.io/;
1472559401000;viewuge-node-red.mybluemix.net:00b60564-4c44-4d76-8e8c-98ae9577483b;GET /red/comms;
1472559352000;zavezu-backend.mybluemix.net:8f40723d-a907-4445-9335-f913038b5317;GET /api/place/add;
1472559224000;ace-events-test-20160819-141650.ng.bluemix.net:37d82712-48e9-4537-883e-a597cbff2ff5;GET /socket.io/;
1472559188000;ace-events-test-20160819-141650.ng.bluemix.net:37d82712-48e9-4537-883e-a597cbff2ff5;GET /socket.io/;
1472559149000;ibmwatson-rr-wsapi-prod.ng.bluemix.net:8f2fcba9-036d-4766-98bd-1f85c0b82df1;GET /primus/;
1472559126000;iotplatformiicljuljana.mybluemix.net:6ece7085-8884-4f71-92ae-17e16791d524;GET /last_img_no;
1472559107000;ace-dashboard-production-20160819-142035.ng.bluemix.net:a548feb5-e0fa-4842-8a2d-ea96f4a0a11c;GET /socket.io/;
1472559103000;ace-events-test-20160819-141650.ng.bluemix.net:37d82712-48e9-4537-883e-a597cbff2ff5;GET /socket.io/;
1472559062000;ace-dashboard-production-20160819-142035.ng.bluemix.net:a548feb5-e0fa-4842-8a2d-ea96f4a0a11c;GET /socket.io/;
1472559023000;ace-dashboard-production-20160819-142035.ng.bluemix.net:a548feb5-e0fa-4842-8a2d-ea96f4a0a11c;GET /socket.io/;
1472559021000;mcaas-prod-api.mybluemix.net:279c9ce9-c107-44bd-83b6-547fd0f37074;POST /api/v1.0/visualization;
1472558995000;ace-events-production-20160819-142035.ng.bluemix.net:32f10e38-b324-4888-83b3-3e82beeea229;GET /socket.io/;
1472558950000;ace-dashboard-production-20160819-142035.ng.bluemix.net:a548feb5-e0fa-4842-8a2d-ea96f4a0a11c;GET /socket.io/;
1472558933000;fundox.mybluemix.net:94338ee4-a69b-46c5-972f-3683db725531;GET /socket.io/;
1472558873000;fundox.mybluemix.net:94338ee4-a69b-46c5-972f-3683db725531;GET /socket.io/;
1472558842000;ace-events-production-20160819-142035.ng.bluemix.net:32f10e38-b324-4888-83b3-3e82beeea229;GET /socket.io/;
1472558834000;api.xforce.ibmcloud.com:b5a69486-2f81-4589-a26d-257218bfec27;GET /socket.io/;
1472558834000;iotplatformiicljuljana.mybluemix.net:6ece7085-8884-4f71-92ae-17e16791d524;GET /last_img_no;
1472558832000;natural-language-classifier-toolkit.ng.bluemix.net:8fe377e3-9b62-4d22-a171-6596f55be878;GET /socket.io/;
1472558805000;ace-events-production-20160819-142035.ng.bluemix.net:32f10e38-b324-4888-83b3-3e82beeea229;GET /socket.io/;
1472558753000;petrajp.mybluemix.net:7733a9cb-6a49-4cae-9f64-57748b9426ae;POST /petra/api/rome/dija;
1472558680000;ace-events-test-20160819-141650.ng.bluemix.net:37d82712-48e9-4537-883e-a597cbff2ff5;GET /socket.io/;
1472558675000;api.xforce.ibmcloud.com:b5a69486-2f81-4589-a26d-257218bfec27;OPTIONS /notifications;
1472558668000;api.xforce.ibmcloud.com:b5a69486-2f81-4589-a26d-257218bfec27;OPTIONS /casefiles/shared;
1472558663000;api.xforce.ibmcloud.com:b5a69486-2f81-4589-a26d-257218bfec27;POST /taxii;
1472558660000;ace-events-production-20160819-142035.ng.bluemix.net:32f10e38-b324-4888-83b3-3e82beeea229;GET /socket.io/;
1472558612000;ace-events-production-20160819-142035.ng.bluemix.net:32f10e38-b324-4888-83b3-3e82beeea229;GET /socket.io/;
1472558604000;petrajp.mybluemix.net:7733a9cb-6a49-4cae-9f64-57748b9426ae;POST /petra/api/rome/dija;
1472558596000;ace-events-test-20160819-141650.ng.bluemix.net:37d82712-48e9-4537-883e-a597cbff2ff5;GET /socket.io/;
1472558551000;fundox.mybluemix.net:94338ee4-a69b-46c5-972f-3683db725531;GET /socket.io/;
1472558550000;viewuge-node-red.mybluemix.net:00b60564-4c44-4d76-8e8c-98ae9577483b;GET /red/comms;
1472558530000;petrajp.mybluemix.net:7733a9cb-6a49-4cae-9f64-57748b9426ae;POST /petra/api/rome/dija;
1472558472000;ace-events-test-20160819-141650.ng.bluemix.net:37d82712-48e9-4537-883e-a597cbff2ff5;GET /socket.io/;
1472558468000;api.xforce.ibmcloud.com:b5a69486-2f81-4589-a26d-257218bfec27;GET /socket.io/;
1472558463000;ace-dashboard-production-20160819-142035.ng.bluemix.net:a548feb5-e0fa-4842-8a2d-ea96f4a0a11c;GET /socket.io/;
1472558424000;viewuge-node-red.mybluemix.net:00b60564-4c44-4d76-8e8c-98ae9577483b;GET /red/comms;
1472558420000;api.xforce.ibmcloud.com:b5a69486-2f81-4589-a26d-257218bfec27;GET /socket.io/;
1472558410000;api.xforce.ibmcloud.com:b5a69486-2f81-4589-a26d-257218bfec27;GET /socket.io/;
1472558406000;ace-events-test-20160819-141650.ng.bluemix.net:37d82712-48e9-4537-883e-a597cbff2ff5;GET /socket.io/;
1472558398000;petrajp.mybluemix.net:7733a9cb-6a49-4cae-9f64-57748b9426ae;POST /petra/api/rome/dija;
1472558398000;fundox.mybluemix.net:94338ee4-a69b-46c5-972f-3683db725531;GET /socket.io/;
1472558361000;api.xforce.ibmcloud.com:b5a69486-2f81-4589-a26d-257218bfec27;GET /socket.io/;
1472558339000;ace-events-test-20160819-141650.ng.bluemix.net:37d82712-48e9-4537-883e-a597cbff2ff5;GET /socket.io/;
1472558337000;petrajp.mybluemix.net:7733a9cb-6a49-4cae-9f64-57748b9426ae;POST /petra/api/rome/dija;
1472558283000;api.xforce.ibmcloud.com:b5a69486-2f81-4589-a26d-257218bfec27;OPTIONS /notifications;
1472558276000;petrajp.mybluemix.net:7733a9cb-6a49-4cae-9f64-57748b9426ae;POST /petra/api/rome/dija;
1472558274000;ace-events-test-20160819-141650.ng.bluemix.net:37d82712-48e9-4537-883e-a597cbff2ff5;GET /socket.io/;
1472558267000;ace-events-test-20160819-141650.ng.bluemix.net:37d82712-48e9-4537-883e-a597cbff2ff5;GET /socket.io/;
1472558264000;iotplatformiicljuljana.mybluemix.net:6ece7085-8884-4f71-92ae-17e16791d524;GET /last_img_no;
1472558244000;ace-events-test-20160819-141650.ng.bluemix.net:37d82712-48e9-4537-883e-a597cbff2ff5;GET /socket.io/;
1472558236000;ace-events-production-20160819-142035.ng.bluemix.net:32f10e38-b324-4888-83b3-3e82beeea229;GET /socket.io/;
1472558176000;ace-events-production-20160819-142035.ng.bluemix.net:32f10e38-b324-4888-83b3-3e82beeea229;GET /socket.io/;
1472558152000;ace-events-test-20160819-141650.ng.bluemix.net:37d82712-48e9-4537-883e-a597cbff2ff5;GET /socket.io/;
1472558149000;api.xforce.ibmcloud.com:b5a69486-2f81-4589-a26d-257218bfec27;POST /taxii;
1472558148000;api.xforce.ibmcloud.com:b5a69486-2f81-4589-a26d-257218bfec27;OPTIONS /businessmetrics/trendingitems/;
1472558148000;api.xforce.ibmcloud.com:b5a69486-2f81-4589-a26d-257218bfec27;OPTIONS /news/;
1472558141000;iotplatformiicljuljana.mybluemix.net:6ece7085-8884-4f71-92ae-17e16791d524;GET /last_img_no;
1472558140000;api.xforce.ibmcloud.com:b5a69486-2f81-4589-a26d-257218bfec27;OPTIONS /casefiles/shared;
1472558128000;api.xforce.ibmcloud.com:b5a69486-2f81-4589-a26d-257218bfec27;OPTIONS /businessmetrics/trendingitems/;
1472558128000;api.xforce.ibmcloud.com:b5a69486-2f81-4589-a26d-257218bfec27;POST /taxii;
1472558124000;api.xforce.ibmcloud.com:b5a69486-2f81-4589-a26d-257218bfec27;GET /casefiles/shared;
1472558111000;api.xforce.ibmcloud.com:b5a69486-2f81-4589-a26d-257218bfec27;OPTIONS /notifications;
1472558108000;api.xforce.ibmcloud.com:b5a69486-2f81-4589-a26d-257218bfec27;OPTIONS /alertcon;
1472558102000;api.xforce.ibmcloud.com:b5a69486-2f81-4589-a26d-257218bfec27;POST /taxii;
1472558096000;ace-events-production-20160819-142035.ng.bluemix.net:32f10e38-b324-4888-83b3-3e82beeea229;GET /socket.io/;
1472558064000;ace-events-production-20160819-142035.ng.bluemix.net:32f10e38-b324-4888-83b3-3e82beeea229;GET /socket.io/;
1472558062000;viewuge-node-red.mybluemix.net:00b60564-4c44-4d76-8e8c-98ae9577483b;GET /red/comms;
1472558043000;ace-events-test-20160819-141650.ng.bluemix.net:37d82712-48e9-4537-883e-a597cbff2ff5;GET /socket.io/;
1472558023000;ace-dashboard-production-20160819-142035.ng.bluemix.net:a548feb5-e0fa-4842-8a2d-ea96f4a0a11c;GET /socket.io/;
1472558007000;fundox.mybluemix.net:94338ee4-a69b-46c5-972f-3683db725531;GET /socket.io/;
1472557998000;ace-dashboard-production-20160819-142035.ng.bluemix.net:a548feb5-e0fa-4842-8a2d-ea96f4a0a11c;GET /socket.io/;
1472557951000;ace-dashboard-production-20160819-142035.ng.bluemix.net:a548feb5-e0fa-4842-8a2d-ea96f4a0a11c;GET /socket.io/;
1472557937000;viewuge-node-red.mybluemix.net:00b60564-4c44-4d76-8e8c-98ae9577483b;GET /red/comms;
1472557929000;ace-events-test-20160819-141650.ng.bluemix.net:37d82712-48e9-4537-883e-a597cbff2ff5;GET /socket.io/;
1472557925000;ace-dashboard-production-20160819-142035.ng.bluemix.net:a548feb5-e0fa-4842-8a2d-ea96f4a0a11c;GET /socket.io/;
1472557905000;api.xforce.ibmcloud.com:b5a69486-2f81-4589-a26d-257218bfec27;GET /socket.io/;
1472557823000;fundox.mybluemix.net:94338ee4-a69b-46c5-972f-3683db725531;GET /socket.io/;
1472557806000;doozers-subview.mybluemix.net:c6f4d309-e0d2-47aa-b0da-9a781550e581;POST /hello/308/0afgrprc/xhr_streaming;
1472557793000;ace-dashboard-production-20160819-142035.ng.bluemix.net:a548feb5-e0fa-4842-8a2d-ea96f4a0a11c;GET /socket.io/;
1472557787000;fundox.mybluemix.net:94338ee4-a69b-46c5-972f-3683db725531;GET /socket.io/;
1472557770000;ace-dashboard-production-20160819-142035.ng.bluemix.net:a548feb5-e0fa-4842-8a2d-ea96f4a0a11c;GET /socket.io/;
1472557769000;ace-events-test-20160819-141650.ng.bluemix.net:37d82712-48e9-4537-883e-a597cbff2ff5;GET /socket.io/;
1472557761000;ace-events-production-20160819-142035.ng.bluemix.net:32f10e38-b324-4888-83b3-3e82beeea229;GET /socket.io/;
1472557698000;api.xforce.ibmcloud.com:b5a69486-2f81-4589-a26d-257218bfec27;GET /socket.io/;
1472557694000;ace-events-test-20160819-141650.ng.bluemix.net:37d82712-48e9-4537-883e-a597cbff2ff5;GET /socket.io/;
1472557680000;ace-events-test-20160819-141650.ng.bluemix.net:37d82712-48e9-4537-883e-a597cbff2ff5;GET /socket.io/;
1472557637000;ace-events-test-20160819-141650.ng.bluemix.net:37d82712-48e9-4537-883e-a597cbff2ff5;GET /socket.io/;
1472557564000;ace-dashboard-production-20160819-142035.ng.bluemix.net:a548feb5-e0fa-4842-8a2d-ea96f4a0a11c;GET /socket.io/;
1472557523000;ace-events-test-20160819-141650.ng.bluemix.net:37d82712-48e9-4537-883e-a597cbff2ff5;GET /socket.io/;
1472557483000;mcaas-prod-api.mybluemix.net:279c9ce9-c107-44bd-83b6-547fd0f37074;POST /api/v1.0/visualization;
1472557451000;ace-dashboard-production-20160819-142035.ng.bluemix.net:a548feb5-e0fa-4842-8a2d-ea96f4a0a11c;GET /socket.io/;
1472557451000;viewuge-node-red.mybluemix.net:00b60564-4c44-4d76-8e8c-98ae9577483b;GET /red/comms;
1472557439000;ace-events-test-20160819-141650.ng.bluemix.net:37d82712-48e9-4537-883e-a597cbff2ff5;GET /socket.io/;
1472557419000;ace-dashboard-production-20160819-142035.ng.bluemix.net:a548feb5-e0fa-4842-8a2d-ea96f4a0a11c;GET /socket.io/;
1472557367000;ace-events-test-20160819-141650.ng.bluemix.net:37d82712-48e9-4537-883e-a597cbff2ff5;GET /socket.io/;
1472557279000;ace-events-test-20160819-141650.ng.bluemix.net:37d82712-48e9-4537-883e-a597cbff2ff5;GET /socket.io/;
1472557279000;api.xforce.ibmcloud.com:b5a69486-2f81-4589-a26d-257218bfec27;GET /socket.io/;
1472557206000;viewuge-node-red.mybluemix.net:00b60564-4c44-4d76-8e8c-98ae9577483b;GET /red/comms;
1472557188000;ace-events-production-20160816-120854.ng.bluemix.net:093f11c8-939e-4de8-92c9-6c2bc30d7384;GET /socket.io/;
1472557079000;petrajp.mybluemix.net:7733a9cb-6a49-4cae-9f64-57748b9426ae;POST /petra/api/rome/dija;
1472557031000;ace-events-test-20160819-141650.ng.bluemix.net:37d82712-48e9-4537-883e-a597cbff2ff5;GET /socket.io/;
1472557023000;ace-dashboard-production-20160819-142035.ng.bluemix.net:a548feb5-e0fa-4842-8a2d-ea96f4a0a11c;GET /socket.io/;
1472557004000;petrajp.mybluemix.net:7733a9cb-6a49-4cae-9f64-57748b9426ae;POST /petra/api/rome/dija;
1472556953000;ace-events-test-20160819-141650.ng.bluemix.net:37d82712-48e9-4537-883e-a597cbff2ff5;GET /socket.io/;
1472556861000;petrajp.mybluemix.net:7733a9cb-6a49-4cae-9f64-57748b9426ae;POST /petra/api/rome/dija;
1472556839000;api.xforce.ibmcloud.com:b5a69486-2f81-4589-a26d-257218bfec27;GET /socket.io/;
1472556839000;natural-language-classifier-toolkit.ng.bluemix.net:8fe377e3-9b62-4d22-a171-6596f55be878;GET /socket.io/;
1472556838000;ace-events-test-20160819-141650.ng.bluemix.net:37d82712-48e9-4537-883e-a597cbff2ff5;GET /socket.io/;
1472556803000;api.xforce.ibmcloud.com:b5a69486-2f81-4589-a26d-257218bfec27;GET /socket.io/;
1472556796000;fundox.mybluemix.net:94338ee4-a69b-46c5-972f-3683db725531;GET /socket.io/;
1472556786000;ace-events-test-20160819-141650.ng.bluemix.net:37d82712-48e9-4537-883e-a597cbff2ff5;GET /socket.io/;
1472556761000;ace-events-test-20160819-141650.ng.bluemix.net:37d82712-48e9-4537-883e-a597cbff2ff5;GET /socket.io/;
1472556717000;viewuge-node-red.mybluemix.net:00b60564-4c44-4d76-8e8c-98ae9577483b;GET /red/comms;
1472556708000;fundox.mybluemix.net:94338ee4-a69b-46c5-972f-3683db725531;GET /socket.io/;
1472556705000;ace-events-test-20160819-141650.ng.bluemix.net:37d82712-48e9-4537-883e-a597cbff2ff5;GET /socket.io/;
1472556676000;ace-events-test-20160819-141650.ng.bluemix.net:37d82712-48e9-4537-883e-a597cbff2ff5;GET /socket.io/;
